features,net_profit,stock_profit
['RSI_above_70'],1527.963829098205,948.2376211218643
['SMA_50'],1527.963829098205,948.2376211218643
"['RSI_above_70', 'SMA_50']",948.2376211218643,948.2376211218643
