features,net_profit,stock_profit
['RSI_above_70'],1527.963829098205,1527.963829098205
['SMA_50'],1527.963829098205,1527.963829098205
"['RSI', 'RSI_above_70']",1527.963829098205,1527.963829098205
"['RSI', 'RSI_above_70', 'SMA_50']",1039.8361492216713,1527.963829098205
['RSI'],177.36567479534565,1527.963829098205
"['RSI', 'SMA_50']",160.36763515705502,1527.963829098205
"['RSI_above_70', 'SMA_50']",0.0,1527.963829098205
